{
  "brightness_model": {
    "slope": 117.35210062669438,
    "intercept": 3018.0347358964236,
    "r_squared": 0.44100142469019277,
    "power_by_range": {
      "0-20": 4066.6706780487807,
      "21-40": 6645.9138627450975,
      "41-60": 8936.593167464114,
      "61-80": 11868.070403314916,
      "81-100": 13234.876860103628
    }
  },
  "cpu_frequency_model": {
    "exponent": 1.4527044716732849,
    "coefficient": 22883.249657518812,
    "r_squared": 0.5649324863733136
  },
  "component_breakdown": {
    "percentages": {
      "CPU (Big+Mid+Little)": 42.42201197078529,
      "Display": 11.75130326917299,
      "GPU": 7.428713426841197,
      "GPU3D": 1.9636706596586884,
      "WLAN/BT": 8.964199536245244,
      "Cellular": 0.24055142992412784,
      "GPS": 0.02088779147477066,
      "Memory": 0.7789572589003865,
      "Camera": 0.9614608975491206,
      "Sensor": 0.5040903264960392,
      "Infrastructure": 6.176138730259941,
      "UFS (Disk)": 1.2177086636850754
    },
    "mean_power_mw": {
      "CPU (Big+Mid+Little)": 36457.11632,
      "Display": 8897.722813999999,
      "GPU": 6009.416505000001,
      "GPU3D": 1556.582656,
      "WLAN/BT": 6608.866357,
      "Cellular": 178.26500299999998,
      "GPS": 15.529206,
      "Memory": 646.429169,
      "Camera": 716.322083,
      "Sensor": 375.679591,
      "Infrastructure": 5056.917223,
      "UFS (Disk)": 908.7905360000001
    }
  },
  "aging_states": {
    "aged": {
      "SOH": 0.849562969026952,
      "Q_full_Ah": 2.36046708269256,
      "ocv_c0": 3.3875476215511022,
      "ocv_c1": 2.5878930608572874,
      "ocv_c2": -10.852507234714995,
      "ocv_c3": 24.59326110454595,
      "ocv_c4": -24.59302588940792,
      "ocv_c5": 9.091388316041453
    },
    "eol": {
      "SOH": 0.6331208915526815,
      "Q_full_Ah": 1.75909388516163,
      "ocv_c0": 3.4851740794721544,
      "ocv_c1": 2.808286570407081,
      "ocv_c2": -12.203469564610344,
      "ocv_c3": 27.79567512695239,
      "ocv_c4": -28.16842885550565,
      "ocv_c5": 10.498154391257971
    },
    "moderate": {
      "SOH": 0.9000159753992765,
      "Q_full_Ah": 2.5006481700358,
      "ocv_c0": 3.355527802859603,
      "ocv_c1": 2.66019797990326,
      "ocv_c2": -10.957446788075035,
      "ocv_c3": 24.408559733022837,
      "ocv_c4": -23.99002780615626,
      "ocv_c5": 8.735662696997302
    },
    "new": {
      "SOH": 1.0,
      "Q_full_Ah": 2.77844864801031,
      "ocv_c0": 3.348702527950995,
      "ocv_c1": 2.4406927638006404,
      "ocv_c2": -9.555064783058578,
      "ocv_c3": 20.921922901008205,
      "ocv_c4": -20.325184501415578,
      "ocv_c5": 7.381044900802154
    },
    "old": {
      "SOH": 0.7996440258484978,
      "Q_full_Ah": 2.22176986250828,
      "ocv_c0": 3.414508858239886,
      "ocv_c1": 2.5969194370095985,
      "ocv_c2": -10.973401402372234,
      "ocv_c3": 25.01144273053976,
      "ocv_c4": -25.19708841970389,
      "ocv_c5": 9.361431648919163
    },
    "slight": {
      "SOH": 0.9500202290101264,
      "Q_full_Ah": 2.63958242087563,
      "ocv_c0": 3.350155509660232,
      "ocv_c1": 2.500250029869602,
      "ocv_c2": -9.883869265932963,
      "ocv_c3": 21.67622989500657,
      "ocv_c4": -20.987718962335148,
      "ocv_c5": 7.55883153837308
    }
  },
  "overall_statistics": {
    "total_power_mean_w": 81.094480983,
    "total_power_std_w": 28.594378209446017,
    "total_power_min_w": 25.58352,
    "total_power_max_w": 240.63527,
    "temperature_mean_c": 44.70811295622988,
    "n_samples": 36000,
    "n_unique_tests": 1000
  }
}